[{"model": "auth.permission", "pk": 1, "fields": {"name": "Can add log entry", "content_type": 1, "codename": "add_logentry"}}, {"model": "auth.permission", "pk": 2, "fields": {"name": "Can change log entry", "content_type": 1, "codename": "change_logentry"}}, {"model": "auth.permission", "pk": 3, "fields": {"name": "Can delete log entry", "content_type": 1, "codename": "delete_logentry"}}, {"model": "auth.permission", "pk": 4, "fields": {"name": "Can view log entry", "content_type": 1, "codename": "view_logentry"}}, {"model": "auth.permission", "pk": 5, "fields": {"name": "Can add permission", "content_type": 2, "codename": "add_permission"}}, {"model": "auth.permission", "pk": 6, "fields": {"name": "Can change permission", "content_type": 2, "codename": "change_permission"}}, {"model": "auth.permission", "pk": 7, "fields": {"name": "Can delete permission", "content_type": 2, "codename": "delete_permission"}}, {"model": "auth.permission", "pk": 8, "fields": {"name": "Can view permission", "content_type": 2, "codename": "view_permission"}}, {"model": "auth.permission", "pk": 9, "fields": {"name": "Can add group", "content_type": 3, "codename": "add_group"}}, {"model": "auth.permission", "pk": 10, "fields": {"name": "Can change group", "content_type": 3, "codename": "change_group"}}, {"model": "auth.permission", "pk": 11, "fields": {"name": "Can delete group", "content_type": 3, "codename": "delete_group"}}, {"model": "auth.permission", "pk": 12, "fields": {"name": "Can view group", "content_type": 3, "codename": "view_group"}}, {"model": "auth.permission", "pk": 13, "fields": {"name": "Can add content type", "content_type": 4, "codename": "add_contenttype"}}, {"model": "auth.permission", "pk": 14, "fields": {"name": "Can change content type", "content_type": 4, "codename": "change_contenttype"}}, {"model": "auth.permission", "pk": 15, "fields": {"name": "Can delete content type", "content_type": 4, "codename": "delete_contenttype"}}, {"model": "auth.permission", "pk": 16, "fields": {"name": "Can view content type", "content_type": 4, "codename": "view_contenttype"}}, {"model": "auth.permission", "pk": 17, "fields": {"name": "Can add session", "content_type": 5, "codename": "add_session"}}, {"model": "auth.permission", "pk": 18, "fields": {"name": "Can change session", "content_type": 5, "codename": "change_session"}}, {"model": "auth.permission", "pk": 19, "fields": {"name": "Can delete session", "content_type": 5, "codename": "delete_session"}}, {"model": "auth.permission", "pk": 20, "fields": {"name": "Can view session", "content_type": 5, "codename": "view_session"}}, {"model": "auth.permission", "pk": 21, "fields": {"name": "Can add author", "content_type": 6, "codename": "add_author"}}, {"model": "auth.permission", "pk": 22, "fields": {"name": "Can change author", "content_type": 6, "codename": "change_author"}}, {"model": "auth.permission", "pk": 23, "fields": {"name": "Can delete author", "content_type": 6, "codename": "delete_author"}}, {"model": "auth.permission", "pk": 24, "fields": {"name": "Can view author", "content_type": 6, "codename": "view_author"}}, {"model": "auth.permission", "pk": 25, "fields": {"name": "Can add book", "content_type": 7, "codename": "add_book"}}, {"model": "auth.permission", "pk": 26, "fields": {"name": "Can change book", "content_type": 7, "codename": "change_book"}}, {"model": "auth.permission", "pk": 27, "fields": {"name": "Can delete book", "content_type": 7, "codename": "delete_book"}}, {"model": "auth.permission", "pk": 28, "fields": {"name": "Can view book", "content_type": 7, "codename": "view_book"}}, {"model": "auth.permission", "pk": 29, "fields": {"name": "Can add order", "content_type": 8, "codename": "add_order"}}, {"model": "auth.permission", "pk": 30, "fields": {"name": "Can change order", "content_type": 8, "codename": "change_order"}}, {"model": "auth.permission", "pk": 31, "fields": {"name": "Can delete order", "content_type": 8, "codename": "delete_order"}}, {"model": "auth.permission", "pk": 32, "fields": {"name": "Can view order", "content_type": 8, "codename": "view_order"}}, {"model": "auth.permission", "pk": 33, "fields": {"name": "Can add payment", "content_type": 9, "codename": "add_payment"}}, {"model": "auth.permission", "pk": 34, "fields": {"name": "Can change payment", "content_type": 9, "codename": "change_payment"}}, {"model": "auth.permission", "pk": 35, "fields": {"name": "Can delete payment", "content_type": 9, "codename": "delete_payment"}}, {"model": "auth.permission", "pk": 36, "fields": {"name": "Can view payment", "content_type": 9, "codename": "view_payment"}}, {"model": "auth.permission", "pk": 37, "fields": {"name": "Can add user", "content_type": 10, "codename": "add_customuser"}}, {"model": "auth.permission", "pk": 38, "fields": {"name": "Can change user", "content_type": 10, "codename": "change_customuser"}}, {"model": "auth.permission", "pk": 39, "fields": {"name": "Can delete user", "content_type": 10, "codename": "delete_customuser"}}, {"model": "auth.permission", "pk": 40, "fields": {"name": "Can view user", "content_type": 10, "codename": "view_customuser"}}, {"model": "auth.permission", "pk": 41, "fields": {"name": "Can add order item", "content_type": 11, "codename": "add_orderitem"}}, {"model": "auth.permission", "pk": 42, "fields": {"name": "Can change order item", "content_type": 11, "codename": "change_orderitem"}}, {"model": "auth.permission", "pk": 43, "fields": {"name": "Can delete order item", "content_type": 11, "codename": "delete_orderitem"}}, {"model": "auth.permission", "pk": 44, "fields": {"name": "Can view order item", "content_type": 11, "codename": "view_orderitem"}}, {"model": "auth.permission", "pk": 45, "fields": {"name": "Can add review", "content_type": 12, "codename": "add_review"}}, {"model": "auth.permission", "pk": 46, "fields": {"name": "Can change review", "content_type": 12, "codename": "change_review"}}, {"model": "auth.permission", "pk": 47, "fields": {"name": "Can delete review", "content_type": 12, "codename": "delete_review"}}, {"model": "auth.permission", "pk": 48, "fields": {"name": "Can view review", "content_type": 12, "codename": "view_review"}}, {"model": "auth.permission", "pk": 49, "fields": {"name": "Can add comment", "content_type": 12, "codename": "add_comment"}}, {"model": "auth.permission", "pk": 50, "fields": {"name": "Can change comment", "content_type": 12, "codename": "change_comment"}}, {"model": "auth.permission", "pk": 51, "fields": {"name": "Can delete comment", "content_type": 12, "codename": "delete_comment"}}, {"model": "auth.permission", "pk": 52, "fields": {"name": "Can view comment", "content_type": 12, "codename": "view_comment"}}, {"model": "auth.permission", "pk": 53, "fields": {"name": "Can add rate", "content_type": 13, "codename": "add_rate"}}, {"model": "auth.permission", "pk": 54, "fields": {"name": "Can change rate", "content_type": 13, "codename": "change_rate"}}, {"model": "auth.permission", "pk": 55, "fields": {"name": "Can delete rate", "content_type": 13, "codename": "delete_rate"}}, {"model": "auth.permission", "pk": 56, "fields": {"name": "Can view rate", "content_type": 13, "codename": "view_rate"}}, {"model": "contenttypes.contenttype", "pk": 1, "fields": {"app_label": "admin", "model": "logentry"}}, {"model": "contenttypes.contenttype", "pk": 2, "fields": {"app_label": "auth", "model": "permission"}}, {"model": "contenttypes.contenttype", "pk": 3, "fields": {"app_label": "auth", "model": "group"}}, {"model": "contenttypes.contenttype", "pk": 4, "fields": {"app_label": "contenttypes", "model": "contenttype"}}, {"model": "contenttypes.contenttype", "pk": 5, "fields": {"app_label": "sessions", "model": "session"}}, {"model": "contenttypes.contenttype", "pk": 6, "fields": {"app_label": "shop", "model": "author"}}, {"model": "contenttypes.contenttype", "pk": 7, "fields": {"app_label": "shop", "model": "book"}}, {"model": "contenttypes.contenttype", "pk": 8, "fields": {"app_label": "shop", "model": "order"}}, {"model": "contenttypes.contenttype", "pk": 9, "fields": {"app_label": "shop", "model": "payment"}}, {"model": "contenttypes.contenttype", "pk": 10, "fields": {"app_label": "accounts", "model": "customuser"}}, {"model": "contenttypes.contenttype", "pk": 11, "fields": {"app_label": "shop", "model": "orderitem"}}, {"model": "contenttypes.contenttype", "pk": 12, "fields": {"app_label": "shop", "model": "comment"}}, {"model": "contenttypes.contenttype", "pk": 13, "fields": {"app_label": "shop", "model": "rate"}}, {"model": "sessions.session", "pk": "0udrwce0s7trkq4z1xji35o90y7lx3k1", "fields": {"session_data": ".eJxVjbEOgzAQQ__lZhRdjgQIY_d-A8oloaStoA1hqBD_XpAY2sWD_Wyv0NklD90yh9RFDy0oKH49tu4RxiPwdzveJuGmMafI4kDEmc7iOvnwvJzs38Bg52FvGwyeG6lYy57RkA7aETpZe4ekfFlrxaFHppoqrhQqRGO0ISJVmgbtPupsytCuIA95L3bMMX-glQW8UnRhPyEUGmHbti9ZPEO1:1ruYrd:tD3ZBYsaq4eY-9SQ4q2BaY_XFxvrr4dpDTz7c0rJbEU", "expire_date": "2024-04-24T14:23:49.795Z"}}, {"model": "sessions.session", "pk": "3qaoulbxd3ilwg83e1m82f59eh1rqt2i", "fields": {"session_data": ".eJxVjb0OgzAQg9_lZhRdjoQQxu59BpQ_StoqtCEMFeLdCxJDu3iwP9sr9GYpY7_MIffRQwcCql_PGvcI6Qj83aTbxNyUSo6WHQg705ldJx-el5P9GxjNPO5tjcHblgsr-WBRkwzSETquvEMSvlZS2DCgJUWNbQQKRK2lJiJR6xbNPupMLtCtQIe8F5NKLB_oeAWvHF3YT0gyJWHbti9ZrEPC:1ruudx:y_pRslxJO_CjV3Rffa24VMy7DGgXkc_mNDyHemIAtGM", "expire_date": "2024-04-25T13:39:09.413Z"}}, {"model": "sessions.session", "pk": "4o1qdi35qtg37e8a7kp3j88rw21o2wam", "fields": {"session_data": ".eJxVjMsOwiAQRf-FtSFAkYdL9_0GMjOAVA0kpV0Z_11JutDdzT0n58UC7FsJe09rWCK7MMlOvx8CPVIdIN6h3hqnVrd1QT4UftDO5xbT83q4f4ECvYwsWqcpGjQqCxCUHNocEadkZbZyckZo43T09N1qciJLbRVoEk56D2f2_gDlnzdD:1ru7PE:86NzHZ7OZ0FQSS6G_vNephc0zvVu-KByA1zqV_vXNEg", "expire_date": "2024-04-23T09:04:40.028Z"}}, {"model": "sessions.session", "pk": "beygqtcuug95za5xgkpj6j7o87ww7d4a", "fields": {"session_data": ".eJxVjMsOwiAQRf-FtSFAkYdL9_0GMjOAVA0kpV0Z_11JutDdzT0n58UC7FsJe09rWCK7MMlOvx8CPVIdIN6h3hqnVrd1QT4UftDO5xbT83q4f4ECvYwsWqcpGjQqCxCUHNocEadkZbZyckZo43T09N1qciJLbRVoEk56D2f2_gDlnzdD:1rxUUt:uofK1Cxg3sq7xLTvo8iZ4imhc0hhs8SHYseaPpJL4Rc", "expire_date": "2024-05-02T16:20:27.579Z"}}, {"model": "sessions.session", "pk": "bgvrjlv9i5nvpwqul73lv3qljorfqlx6", "fields": {"session_data": ".eJxVjbEOgzAQQ__lZhRdjgQIY_d-A8oloaStoA1hqBD_XpAY2sWD_Wyv0NklD90yh9RFDy0oKH49tu4RxiPwdzveJuGmMafI4kDEmc7iOvnwvJzs38Bg52FvGwyeG6lYy57RkA7aETpZe4ekfFlrxaFHppoqrhQqRGO0ISJVmgbtPupsytCuIA95L3bMMX-glQW8UnRhPyEUGmHbti9ZPEO1:1ruopf:9b_pkvKv0hvXR6TKofGcJqcLMHX85H2ngGBJoUWFB8c", "expire_date": "2024-04-25T07:26:51.013Z"}}, {"model": "sessions.session", "pk": "d8z61ymbgziw9ual0ytu66ous6u5jqw8", "fields": {"session_data": ".eJxVjbsOgzAUQ__lzijKA5Ibxu79BpRnSVuFNoShQvx7QWJoFw_2sb3CYJY6DsscypA89NBB8-tZ4x4hH4G_m3ybiJtyLcmSAyFnOpPr5MPzcrJ_A6OZx70tnRVImXVKuYDcIpeWC-GxtSpq12oWhO4iSikRvUeMqBVnLRNGsUjtPupMqdCvwA55LybXVD_QswZeJbmwn3BKOgrbtn0Bei1EUQ:1rvDml:bNAl75HUGRLPcNzRFhS5Zj3n4zG0l6d-VcIERlu3r2M", "expire_date": "2024-04-26T10:05:31.728Z"}}, {"model": "sessions.session", "pk": "jw6ezjzxehzaf7o7l858jfdqmamqv1r3", "fields": {"session_data": ".eJxVTrsOgjAU_Zc7k-b20lLK6O43kL6QqikKZTCEf7ckDLqc4bw36M2ax35dwtxHDx0IqH45a9wjpEPwd5NuE3NTynO07LCwU13YdfLheTm9fwWjWcaS1hi8bbmwkg8WNckgHaHjyjsk4WslhQ0DWlLU2EagQNRaaiIStW7RlFJn5gzdVh4WeK8m5Zg_0PEKXnN0oYzwlikJ-75_AVoBQ8Y:1rvBDF:qJOj0HydBca2Q9qEsScg69p2AWOAZMHuNWk6chvMiQQ", "expire_date": "2024-04-26T07:20:41.385Z"}}, {"model": "sessions.session", "pk": "kib95ysu5el64cgu7cryzs22g5hvpon0", "fields": {"session_data": ".eJx1jTsOwjAQRO-ydWTZjuNPSnrOEK1_xIAcSJwCRbk7sUQBBc1qNPP0doMB1zIO6xLmIXnogUHz3Vl0t5Dr4K-YLxNxUy5zsqQi5LMu5Dz5cD992B_BiMtYtVZp4by0kkeK1AVtVfTWtkGxqFirJRVSC2_ckXmraWRCcRSOamYMdofU4Vyg38DU81wxl1Re0LMGHnNy4XjCJWEU9gb4f6QjqoN939-PXk5o:1rxiQI:Kzd--tSpfea1YmKRFn8XR3YtCxE5jVxM0xkGt_YfK0E", "expire_date": "2024-05-03T07:12:38.786Z"}}, {"model": "sessions.session", "pk": "pa6axtjbf58xzo6fziq41c5r4xqlj63w", "fields": {"session_data": ".eJxVjEEOwiAQRe_C2pBhOpTi0r1nIAxDpWpoUtqV8e7apAvd_vfef6kQt7WEreUlTKLOitTpd-OYHrnuQO6x3mad5rouE-td0Qdt-jpLfl4O9--gxFa-tYcsPBhia0YGjzbbhJCMkwRI0jlLnEdgdNhzT0AA3luPiNT5AaJ6fwDR5Dae:1rvBjX:6--6KAs1es9dfmVQw7uxuYwShkanxg8b9Dig0HS7DpM", "expire_date": "2024-04-26T07:54:03.699Z"}}, {"model": "sessions.session", "pk": "u6mqdfn9wzqg7nfb1pbxqcslg832okns", "fields": {"session_data": ".eJxVjEEOwiAQRe_C2pBhOpTi0r1nIAxDpWpoUtqV8e7apAvd_vfef6kQt7WEreUlTKLOitTpd-OYHrnuQO6x3mad5rouE-td0Qdt-jpLfl4O9--gxFa-tYcsPBhia0YGjzbbhJCMkwRI0jlLnEdgdNhzT0AA3luPiNT5AaJ6fwDR5Dae:1ruv3r:erkGBEhKWg-CehJSGFCh2KxUYdRUVTCXLSsPIuDRn2k", "expire_date": "2024-04-25T14:05:55.383Z"}}, {"model": "sessions.session", "pk": "viekgax5lsyji5ne5xdk3ey989wpaqos", "fields": {"session_data": ".eJx1jb0OgzAQg9_lZhRdjgQaxu59BpQ_StoqtCEMFeLdGySGdujiwf5sr9DrJY_9MvvUBwcdCKi-PaPt3cc9cDcdrxOzU8wpGLYj7Ehndpmcf5wP9mdg1PNY2gq9MycujOSDQUXSS0toeessknB1K4XxAxpqqTGNQIGolFREJGp1Ql1GrU4ZuhX4Lq9FxxzyGzpewTMF68sJIZMIWwW8-c_UTBRm2z6QaE3k:1ruT8E:DqPtX7T85mbQP2lWwqaM8EHD2lzOJ7CT-eVHTqMfFvg", "expire_date": "2024-04-24T08:16:34.937Z"}}, {"model": "sessions.session", "pk": "zq5mz64fa02tu8lnhi8a1ig39x8ecyxy", "fields": {"session_data": ".eJxVjMsOwiAQRf-FtSFAkYdL9_0GMjOAVA0kpV0Z_11JutDdzT0n58UC7FsJe09rWCK7MMlOvx8CPVIdIN6h3hqnVrd1QT4UftDO5xbT83q4f4ECvYwsWqcpGjQqCxCUHNocEadkZbZyckZo43T09N1qciJLbRVoEk56D2f2_gDlnzdD:1rvF38:zOw9_NW74P2Inbi6E51P2q6CM_p9Y_jWR3R9M6yZ9Wo", "expire_date": "2024-04-26T11:26:30.505Z"}}, {"model": "shop.author", "pk": 1, "fields": {"name": "Chinua Achebe", "profile": "", "book_list": []}}, {"model": "shop.author", "pk": 2, "fields": {"name": "Hans Christian Andersen", "profile": "", "book_list": []}}, {"model": "shop.author", "pk": 3, "fields": {"name": "Dante Alighieri", "profile": "", "book_list": []}}, {"model": "shop.author", "pk": 4, "fields": {"name": "Unknown", "profile": "", "book_list": []}}, {"model": "shop.author", "pk": 5, "fields": {"name": "Jane Austen", "profile": "", "book_list": []}}, {"model": "shop.author", "pk": 6, "fields": {"name": "Honoré de Balzac", "profile": "", "book_list": []}}, {"model": "shop.author", "pk": 7, "fields": {"name": "Samuel Beckett", "profile": "", "book_list": []}}, {"model": "shop.author", "pk": 8, "fields": {"name": "Giovanni Boccaccio", "profile": "", "book_list": []}}, {"model": "shop.author", "pk": 9, "fields": {"name": "Jorge Luis Borges", "profile": "", "book_list": []}}, {"model": "shop.author", "pk": 10, "fields": {"name": "Emily Brontë", "profile": "", "book_list": []}}, {"model": "shop.author", "pk": 11, "fields": {"name": "Albert Camus", "profile": "", "book_list": []}}, {"model": "shop.author", "pk": 12, "fields": {"name": "Paul Celan", "profile": "", "book_list": []}}, {"model": "shop.author", "pk": 13, "fields": {"name": "Louis-Ferdinand Céline", "profile": "", "book_list": []}}, {"model": "shop.author", "pk": 14, "fields": {"name": "Miguel de Cervantes", "profile": "", "book_list": []}}, {"model": "shop.author", "pk": 15, "fields": {"name": "Geoffrey Chaucer", "profile": "", "book_list": []}}, {"model": "shop.author", "pk": 16, "fields": {"name": "Anton Chekhov", "profile": "", "book_list": []}}, {"model": "shop.author", "pk": 17, "fields": {"name": "Joseph Conrad", "profile": "", "book_list": []}}, {"model": "shop.author", "pk": 18, "fields": {"name": "Charles Dickens", "profile": "", "book_list": []}}, {"model": "shop.author", "pk": 19, "fields": {"name": "Denis Diderot", "profile": "", "book_list": []}}, {"model": "shop.author", "pk": 20, "fields": {"name": "Alfred Döblin", "profile": "", "book_list": []}}, {"model": "shop.author", "pk": 21, "fields": {"name": "Fyodor Dostoevsky", "profile": "", "book_list": []}}, {"model": "shop.author", "pk": 22, "fields": {"name": "George Eliot", "profile": "", "book_list": []}}, {"model": "shop.author", "pk": 23, "fields": {"name": "Ralph Ellison", "profile": "", "book_list": []}}, {"model": "shop.author", "pk": 24, "fields": {"name": "Euripides", "profile": "", "book_list": []}}, {"model": "shop.author", "pk": 25, "fields": {"name": "William Faulkner", "profile": "", "book_list": []}}, {"model": "shop.author", "pk": 26, "fields": {"name": "Gustave Flaubert", "profile": "", "book_list": []}}, {"model": "shop.author", "pk": 27, "fields": {"name": "Federico García Lorca", "profile": "", "book_list": []}}, {"model": "shop.author", "pk": 28, "fields": {"name": "Gabriel García Márquez", "profile": "", "book_list": []}}, {"model": "shop.author", "pk": 29, "fields": {"name": "Johann Wolfgang von Goethe", "profile": "", "book_list": []}}, {"model": "shop.author", "pk": 30, "fields": {"name": "Nikolai Gogol", "profile": "", "book_list": []}}, {"model": "shop.author", "pk": 31, "fields": {"name": "Günter Grass", "profile": "", "book_list": []}}, {"model": "shop.author", "pk": 32, "fields": {"name": "João Guimarães Rosa", "profile": "", "book_list": []}}, {"model": "shop.author", "pk": 33, "fields": {"name": "Knut Hamsun", "profile": "", "book_list": []}}, {"model": "shop.author", "pk": 34, "fields": {"name": "Ernest Hemingway", "profile": "", "book_list": []}}, {"model": "shop.author", "pk": 35, "fields": {"name": "Homer", "profile": "", "book_list": []}}, {"model": "shop.author", "pk": 36, "fields": {"name": "Henrik Ibsen", "profile": "", "book_list": []}}, {"model": "shop.author", "pk": 37, "fields": {"name": "James Joyce", "profile": "", "book_list": []}}, {"model": "shop.author", "pk": 38, "fields": {"name": "Franz Kafka", "profile": "", "book_list": []}}, {"model": "shop.author", "pk": 39, "fields": {"name": "Kālidāsa", "profile": "", "book_list": []}}, {"model": "shop.author", "pk": 40, "fields": {"name": "Yasunari Kawabata", "profile": "", "book_list": []}}, {"model": "shop.author", "pk": 41, "fields": {"name": "Nikos Kazantzakis", "profile": "", "book_list": []}}, {"model": "shop.author", "pk": 42, "fields": {"name": "D. H. Lawrence", "profile": "", "book_list": []}}, {"model": "shop.author", "pk": 43, "fields": {"name": "Halldór Laxness", "profile": "", "book_list": []}}, {"model": "shop.author", "pk": 44, "fields": {"name": "Giacomo Leopardi", "profile": "", "book_list": []}}, {"model": "shop.author", "pk": 45, "fields": {"name": "Doris Lessing", "profile": "", "book_list": []}}, {"model": "shop.author", "pk": 46, "fields": {"name": "Astrid Lindgren", "profile": "", "book_list": []}}, {"model": "shop.author", "pk": 47, "fields": {"name": "Lu Xun", "profile": "", "book_list": []}}, {"model": "shop.author", "pk": 48, "fields": {"name": "Naguib Mahfouz", "profile": "", "book_list": []}}, {"model": "shop.author", "pk": 49, "fields": {"name": "Thomas Mann", "profile": "", "book_list": []}}, {"model": "shop.author", "pk": 50, "fields": {"name": "Herman Melville", "profile": "", "book_list": []}}, {"model": "shop.author", "pk": 51, "fields": {"name": "Michel de Montaigne", "profile": "", "book_list": []}}, {"model": "shop.author", "pk": 52, "fields": {"name": "Elsa Morante", "profile": "", "book_list": []}}, {"model": "shop.author", "pk": 53, "fields": {"name": "Toni Morrison", "profile": "", "book_list": []}}, {"model": "shop.author", "pk": 54, "fields": {"name": "Murasaki Shikibu", "profile": "", "book_list": []}}, {"model": "shop.author", "pk": 55, "fields": {"name": "Robert Musil", "profile": "", "book_list": []}}, {"model": "shop.author", "pk": 56, "fields": {"name": "Vladimir Nabokov", "profile": "", "book_list": []}}, {"model": "shop.author", "pk": 57, "fields": {"name": "George Orwell", "profile": "", "book_list": []}}, {"model": "shop.author", "pk": 58, "fields": {"name": "Ovid", "profile": "", "book_list": []}}, {"model": "shop.author", "pk": 59, "fields": {"name": "Fernando Pessoa", "profile": "", "book_list": []}}, {"model": "shop.author", "pk": 60, "fields": {"name": "Edgar Allan Poe", "profile": "", "book_list": []}}, {"model": "shop.author", "pk": 61, "fields": {"name": "Marcel Proust", "profile": "", "book_list": []}}, {"model": "shop.author", "pk": 62, "fields": {"name": "François Rabelais", "profile": "", "book_list": []}}, {"model": "shop.author", "pk": 63, "fields": {"name": "Juan Rulfo", "profile": "", "book_list": []}}, {"model": "shop.author", "pk": 64, "fields": {"name": "Rumi", "profile": "", "book_list": []}}, {"model": "shop.author", "pk": 65, "fields": {"name": "Salman Rushdie", "profile": "", "book_list": []}}, {"model": "shop.author", "pk": 66, "fields": {"name": "Saadi", "profile": "", "book_list": []}}, {"model": "shop.author", "pk": 67, "fields": {"name": "Tayeb Salih", "profile": "", "book_list": []}}, {"model": "shop.author", "pk": 68, "fields": {"name": "José Saramago", "profile": "", "book_list": []}}, {"model": "shop.author", "pk": 69, "fields": {"name": "William Shakespeare", "profile": "", "book_list": []}}, {"model": "shop.author", "pk": 70, "fields": {"name": "Sophocles", "profile": "", "book_list": []}}, {"model": "shop.author", "pk": 71, "fields": {"name": "Stendhal", "profile": "", "book_list": []}}, {"model": "shop.author", "pk": 72, "fields": {"name": "Laurence Sterne", "profile": "", "book_list": []}}, {"model": "shop.author", "pk": 73, "fields": {"name": "Italo Svevo", "profile": "", "book_list": []}}, {"model": "shop.author", "pk": 74, "fields": {"name": "Jonathan Swift", "profile": "", "book_list": []}}, {"model": "shop.author", "pk": 75, "fields": {"name": "Leo Tolstoy", "profile": "", "book_list": []}}, {"model": "shop.author", "pk": 76, "fields": {"name": "Mark Twain", "profile": "", "book_list": []}}, {"model": "shop.author", "pk": 77, "fields": {"name": "Valmiki", "profile": "", "book_list": []}}, {"model": "shop.author", "pk": 78, "fields": {"name": "Virgil", "profile": "", "book_list": []}}, {"model": "shop.author", "pk": 79, "fields": {"name": "Vyasa", "profile": "", "book_list": []}}, {"model": "shop.author", "pk": 80, "fields": {"name": "Walt Whitman", "profile": "", "book_list": []}}, {"model": "shop.author", "pk": 81, "fields": {"name": "Virginia Woolf", "profile": "", "book_list": []}}, {"model": "shop.author", "pk": 82, "fields": {"name": "Marguerite Yourcenar", "profile": "", "book_list": []}}, {"model": "shop.book", "pk": 2, "fields": {"author": 2, "title": "Fairy tales", "pages": 784, "year": 1836, "genre": "Children's Literature", "quantity": 46, "availability": true, "language": "Danish", "price": "25.75", "picture": "media/images/fairy-tales.jpg"}}, {"model": "shop.book", "pk": 3, "fields": {"author": 3, "title": "The Divine Comedy", "pages": 928, "year": 1315, "genre": "Epic Poetry", "quantity": 46, "availability": true, "language": "Italian", "price": "27.30", "picture": "media/images/the-divine-comedy.jpg"}}, {"model": "shop.book", "pk": 4, "fields": {"author": 4, "title": "The Epic Of Gilgamesh", "pages": 160, "year": -1700, "genre": "Epic Poetry", "quantity": 49, "availability": true, "language": "Akkadian", "price": "18.75", "picture": "media/images/the-epic-of-gilgamesh.jpg"}}, {"model": "shop.book", "pk": 5, "fields": {"author": 4, "title": "The Book Of Job", "pages": 176, "year": -600, "genre": "Religious", "quantity": 50, "availability": true, "language": "Hebrew", "price": "16.80", "picture": "media/images/the-book-of-job.jpg"}}, {"model": "shop.book", "pk": 6, "fields": {"author": 4, "title": "One Thousand and One Nights", "pages": 288, "year": 1200, "genre": "Folk Tales", "quantity": 50, "availability": true, "language": "Arabic", "price": "21.20", "picture": "media/images/one-thousand-and-one-nights.jpg"}}, {"model": "shop.book", "pk": 7, "fields": {"author": 4, "title": "Njál's Saga", "pages": 384, "year": 1350, "genre": "Saga", "quantity": 50, "availability": true, "language": "Old Norse", "price": "19.45", "picture": "media/images/njals-saga.jpg"}}, {"model": "shop.book", "pk": 8, "fields": {"author": 5, "title": "Pride and Prejudice", "pages": 226, "year": 1813, "genre": "Romance", "quantity": 50, "availability": true, "language": "English", "price": "22.90", "picture": "media/images/pride-and-prejudice.jpg"}}, {"model": "shop.book", "pk": 9, "fields": {"author": 6, "title": "Le Père Goriot", "pages": 443, "year": 1835, "genre": "Realist Fiction", "quantity": 50, "availability": true, "language": "French", "price": "26.10", "picture": "media/images/le-pere-goriot.jpg"}}, {"model": "shop.book", "pk": 10, "fields": {"author": 7, "title": "Molloy, Malone Dies, The Unnamable, the trilogy", "pages": 256, "year": 1952, "genre": "Absurdist Fiction", "quantity": 50, "availability": true, "language": "French, English", "price": "17.60", "picture": "media/images/molloy-malone-dies-the-unnamable.jpg"}}, {"model": "shop.book", "pk": 11, "fields": {"author": 8, "title": "The Decameron", "pages": 1024, "year": 1351, "genre": "Fiction", "quantity": 50, "availability": true, "language": "Italian", "price": "28.75", "picture": "media/images/the-decameron.jpg"}}, {"model": "shop.book", "pk": 12, "fields": {"author": 9, "title": "Ficciones", "pages": 224, "year": 1965, "genre": "Short Stories", "quantity": 50, "availability": true, "language": "Spanish", "price": "18.50", "picture": "media/images/ficciones.jpg"}}, {"model": "shop.book", "pk": 13, "fields": {"author": 10, "title": "Wuthering Heights", "pages": 342, "year": 1847, "genre": "Gothic Fiction", "quantity": 49, "availability": true, "language": "English", "price": "21.90", "picture": "media/images/wuthering-heights.jpg"}}, {"model": "shop.book", "pk": 14, "fields": {"author": 11, "title": "The Stranger", "pages": 185, "year": 1942, "genre": "Absurdist Fiction", "quantity": 50, "availability": true, "language": "French", "price": "24.20", "picture": "media/images/l-etranger.jpg"}}, {"model": "shop.book", "pk": 15, "fields": {"author": 12, "title": "Poems", "pages": 320, "year": 1952, "genre": "Poetry", "quantity": 50, "availability": true, "language": "German", "price": "16.70", "picture": "media/images/poems-paul-celan.jpg"}}, {"model": "shop.book", "pk": 16, "fields": {"author": 13, "title": "Journey to the End of the Night", "pages": 505, "year": 1932, "genre": "Modernist Fiction", "quantity": 50, "availability": true, "language": "French", "price": "23.40", "picture": "media/images/voyage-au-bout-de-la-nuit.jpg"}}, {"model": "shop.book", "pk": 17, "fields": {"author": 14, "title": "Don Quijote De La Mancha", "pages": 1056, "year": 1610, "genre": "Satire", "quantity": 50, "availability": true, "language": "Spanish", "price": "27.80", "picture": "media/images/don-quijote-de-la-mancha.jpg"}}, {"model": "shop.book", "pk": 18, "fields": {"author": 15, "title": "The Canterbury Tales", "pages": 544, "year": 1450, "genre": "Poetry", "quantity": 50, "availability": true, "language": "English", "price": "22.60", "picture": "media/images/the-canterbury-tales.jpg"}}, {"model": "shop.book", "pk": 19, "fields": {"author": 16, "title": "Stories", "pages": 194, "year": 1886, "genre": "Short Stories", "quantity": 50, "availability": true, "language": "Russian", "price": "26.10", "picture": "media/images/stories-of-anton-chekhov.jpg"}}, {"model": "shop.book", "pk": 20, "fields": {"author": 17, "title": "Nostromo", "pages": 320, "year": 1904, "genre": "Adventure", "quantity": 50, "availability": true, "language": "English", "price": "25.30", "picture": "media/images/nostromo.jpg"}}, {"model": "shop.book", "pk": 21, "fields": {"author": 18, "title": "Great Expectations", "pages": 194, "year": 1861, "genre": "Classic Literature", "quantity": 50, "availability": true, "language": "English", "price": "24.50", "picture": "media/images/great-expectations.jpg"}}, {"model": "shop.book", "pk": 22, "fields": {"author": 19, "title": "Jacques the Fatalist", "pages": 596, "year": 1796, "genre": "Philosophical Fiction", "quantity": 50, "availability": true, "language": "French", "price": "20.75", "picture": "media/images/jacques-the-fatalist.jpg"}}, {"model": "shop.book", "pk": 23, "fields": {"author": 20, "title": "Berlin Alexanderplatz", "pages": 600, "year": 1929, "genre": "Modernist Fiction", "quantity": 50, "availability": true, "language": "German", "price": "18.90", "picture": "media/images/berlin-alexanderplatz.jpg"}}, {"model": "shop.book", "pk": 24, "fields": {"author": 21, "title": "Crime and Punishment", "pages": 551, "year": 1866, "genre": "Psychological Fiction", "quantity": 50, "availability": true, "language": "Russian", "price": "27.30", "picture": "media/images/crime-and-punishment.jpg"}}, {"model": "shop.book", "pk": 25, "fields": {"author": 21, "title": "The Idiot", "pages": 656, "year": 1869, "genre": "Philosophical Fiction", "quantity": 50, "availability": true, "language": "Russian", "price": "25.80", "picture": "media/images/the-idiot.jpg"}}, {"model": "shop.book", "pk": 26, "fields": {"author": 21, "title": "The Possessed", "pages": 768, "year": 1872, "genre": "Psychological Fiction", "quantity": 50, "availability": true, "language": "Russian", "price": "22.40", "picture": "media/images/the-possessed.jpg"}}, {"model": "shop.book", "pk": 27, "fields": {"author": 21, "title": "The Brothers Karamazov", "pages": 824, "year": 1880, "genre": "Philosophical Fiction", "quantity": 50, "availability": true, "language": "Russian", "price": "26.70", "picture": "media/images/the-brothers-karamazov.jpg"}}, {"model": "shop.book", "pk": 28, "fields": {"author": 22, "title": "Middlemarch", "pages": 800, "year": 1871, "genre": "Realist Fiction", "quantity": 50, "availability": true, "language": "English", "price": "23.90", "picture": "media/images/middlemarch.jpg"}}, {"model": "shop.book", "pk": 29, "fields": {"author": 23, "title": "Invisible Man", "pages": 581, "year": 1952, "genre": "African American Literature", "quantity": 50, "availability": true, "language": "English", "price": "26.50", "picture": "media/images/invisible-man.jpg"}}, {"model": "shop.book", "pk": 30, "fields": {"author": 24, "title": "Medea", "pages": 104, "year": -431, "genre": "Tragedy", "quantity": 50, "availability": true, "language": "Greek", "price": "16.20", "picture": "media/images/medea.jpg"}}, {"model": "shop.book", "pk": 31, "fields": {"author": 25, "title": "Absalom, Absalom!", "pages": 313, "year": 1936, "genre": "Southern Gothic", "quantity": 50, "availability": true, "language": "English", "price": "22.80", "picture": "media/images/absalom-absalom.jpg"}}, {"model": "shop.book", "pk": 32, "fields": {"author": 25, "title": "The Sound and the Fury", "pages": 326, "year": 1929, "genre": "Modernist Fiction", "quantity": 50, "availability": true, "language": "English", "price": "25.40", "picture": "media/images/the-sound-and-the-fury.jpg"}}, {"model": "shop.book", "pk": 33, "fields": {"author": 26, "title": "Madame Bovary", "pages": 528, "year": 1857, "genre": "Realist Fiction", "quantity": 50, "availability": true, "language": "French", "price": "28.10", "picture": "media/images/madame-bovary.jpg"}}, {"model": "shop.book", "pk": 34, "fields": {"author": 26, "title": "Sentimental Education", "pages": 606, "year": 1869, "genre": "Realist Fiction", "quantity": 50, "availability": true, "language": "French", "price": "26.90", "picture": "media/images/l-education-sentimentale.jpg"}}, {"model": "shop.book", "pk": 35, "fields": {"author": 27, "title": "Gypsy Ballads", "pages": 218, "year": 1928, "genre": "Poetry", "quantity": 50, "availability": true, "language": "Spanish", "price": "20.60", "picture": "media/images/gypsy-ballads.jpg"}}, {"model": "shop.book", "pk": 36, "fields": {"author": 28, "title": "One Hundred Years of Solitude", "pages": 417, "year": 1967, "genre": "Magical Realism", "quantity": 50, "availability": true, "language": "Spanish", "price": "26.20", "picture": "media/images/one-hundred-years-of-solitude.jpg"}}, {"model": "shop.book", "pk": 37, "fields": {"author": 28, "title": "Love in the Time of Cholera", "pages": 368, "year": 1985, "genre": "Romance", "quantity": 50, "availability": true, "language": "Spanish", "price": "23.80", "picture": "media/images/love-in-the-time-of-cholera.jpg"}}, {"model": "shop.book", "pk": 38, "fields": {"author": 29, "title": "Faust", "pages": 158, "year": 1832, "genre": "Tragedy", "quantity": 50, "availability": true, "language": "German", "price": "19.70", "picture": "media/images/faust.jpg"}}, {"model": "shop.book", "pk": 39, "fields": {"author": 30, "title": "Dead Souls", "pages": 432, "year": 1842, "genre": "Satire", "quantity": 50, "availability": true, "language": "Russian", "price": "22.50", "picture": "media/images/dead-souls.jpg"}}, {"model": "shop.book", "pk": 40, "fields": {"author": 31, "title": "The Tin Drum", "pages": 600, "year": 1959, "genre": "Magical Realism", "quantity": 50, "availability": true, "language": "German", "price": "21.90", "picture": "media/images/the-tin-drum.jpg"}}, {"model": "shop.book", "pk": 41, "fields": {"author": 32, "title": "The Devil to Pay in the Backlands", "pages": 494, "year": 1956, "genre": "Magical Realism", "quantity": 50, "availability": true, "language": "Portuguese", "price": "28.50", "picture": "media/images/the-devil-to-pay-in-the-backlands.jpg"}}, {"model": "shop.book", "pk": 42, "fields": {"author": 33, "title": "Hunger", "pages": 176, "year": 1890, "genre": "Psychological Fiction", "quantity": 50, "availability": true, "language": "Norwegian", "price": "23.20", "picture": "media/images/hunger.jpg"}}, {"model": "shop.book", "pk": 43, "fields": {"author": 34, "title": "The Old Man and the Sea", "pages": 128, "year": 1952, "genre": "Adventure Fiction", "quantity": 50, "availability": true, "language": "English", "price": "26.80", "picture": "media/images/the-old-man-and-the-sea.jpg"}}, {"model": "shop.book", "pk": 44, "fields": {"author": 35, "title": "Iliad", "pages": 608, "year": -735, "genre": "Epic Poetry", "quantity": 50, "availability": true, "language": "Greek", "price": "29.40", "picture": "media/images/the-iliad-of-homer.jpg"}}, {"model": "shop.book", "pk": 45, "fields": {"author": 35, "title": "Odyssey", "pages": 374, "year": -800, "genre": "Epic Poetry", "quantity": 50, "availability": true, "language": "Greek", "price": "27.90", "picture": "media/images/the-odyssey-of-homer.jpg"}}, {"model": "shop.book", "pk": 46, "fields": {"author": 36, "title": "A Doll's House", "pages": 68, "year": 1879, "genre": "Realist Drama", "quantity": 50, "availability": true, "language": "Norwegian", "price": "18.70", "picture": "media/images/a-Dolls-house.jpg"}}, {"model": "shop.book", "pk": 47, "fields": {"author": 37, "title": "Ulysses", "pages": 228, "year": 1922, "genre": "Modernist Fiction", "quantity": 50, "availability": true, "language": "English", "price": "24.50", "picture": "media/images/ulysses.jpg"}}, {"model": "shop.book", "pk": 48, "fields": {"author": 38, "title": "Stories", "pages": 488, "year": 1924, "genre": "Surrealism", "quantity": 50, "availability": true, "language": "German", "price": "22.60", "picture": "media/images/stories-of-franz-kafka.jpg"}}, {"model": "shop.book", "pk": 49, "fields": {"author": 38, "title": "The Trial", "pages": 160, "year": 1925, "genre": "Absurdist Fiction", "quantity": 50, "availability": true, "language": "German", "price": "26.10", "picture": "media/images/the-trial.jpg"}}, {"model": "shop.book", "pk": 50, "fields": {"author": 38, "title": "The Castle", "pages": 352, "year": 1926, "genre": "Surrealism", "quantity": 50, "availability": true, "language": "German", "price": "25.20", "picture": "media/images/the-castle.jpg"}}, {"model": "shop.book", "pk": 51, "fields": {"author": 39, "title": "The recognition of Shakuntala", "pages": 147, "year": 150, "genre": "Classical Indian Drama", "quantity": 50, "availability": true, "language": "Sanskrit", "price": "21.80", "picture": "media/images/the-recognition-of-shakuntala.jpg"}}, {"model": "shop.book", "pk": 52, "fields": {"author": 40, "title": "The Sound of the Mountain", "pages": 288, "year": 1954, "genre": "Modern Japanese Literature", "quantity": 50, "availability": true, "language": "Japanese", "price": "26.50", "picture": "media/images/the-sound-of-the-mountain.jpg"}}, {"model": "shop.book", "pk": 53, "fields": {"author": 41, "title": "Zorba the Greek", "pages": 368, "year": 1946, "genre": "Literary Fiction", "quantity": 50, "availability": true, "language": "Greek", "price": "28.90", "picture": "media/images/zorba-the-greek.jpg"}}, {"model": "shop.book", "pk": 54, "fields": {"author": 42, "title": "Sons and Lovers", "pages": 432, "year": 1913, "genre": "Psychological Fiction", "quantity": 50, "availability": true, "language": "English", "price": "30.20", "picture": "media/images/sons-and-lovers.jpg"}}, {"model": "shop.book", "pk": 55, "fields": {"author": 43, "title": "Independent People", "pages": 470, "year": 1934, "genre": "Historical Fiction", "quantity": 50, "availability": true, "language": "Icelandic", "price": "29.70", "picture": "media/images/independent-people.jpg"}}, {"model": "shop.book", "pk": 56, "fields": {"author": 44, "title": "Poems", "pages": 184, "year": 1818, "genre": "Poetry", "quantity": 50, "availability": true, "language": "Italian", "price": "17.50", "picture": "media/images/poems-giacomo-leopardi.jpg"}}, {"model": "shop.book", "pk": 57, "fields": {"author": 45, "title": "The Golden Notebook", "pages": 688, "year": 1962, "genre": "Feminist Literature", "quantity": 50, "availability": true, "language": "English", "price": "31.40", "picture": "media/images/the-golden-notebook.jpg"}}, {"model": "shop.book", "pk": 58, "fields": {"author": 46, "title": "Pippi Longstocking", "pages": 160, "year": 1945, "genre": "Children's Literature", "quantity": 50, "availability": true, "language": "Swedish", "price": "33.00", "picture": "media/images/pippi-longstocking.jpg"}}, {"model": "shop.book", "pk": 59, "fields": {"author": 47, "title": "Diary of a Madman", "pages": 389, "year": 1918, "genre": "Modern Chinese Literature", "quantity": 50, "availability": true, "language": "Chinese", "price": "27.80", "picture": "media/images/diary-of-a-madman.jpg"}}, {"model": "shop.book", "pk": 60, "fields": {"author": 48, "title": "Children of Gebelawi", "pages": 355, "year": 1959, "genre": "Social Realism", "quantity": 50, "availability": true, "language": "Arabic", "price": "25.60", "picture": "media/images/children-of-gebelawi.jpg"}}, {"model": "shop.book", "pk": 61, "fields": {"author": 49, "title": "Buddenbrooks", "pages": 736, "year": 1901, "genre": "Family Saga", "quantity": 50, "availability": true, "language": "German", "price": "33.50", "picture": "media/images/buddenbrooks.jpg"}}, {"model": "shop.book", "pk": 62, "fields": {"author": 49, "title": "The Magic Mountain", "pages": 720, "year": 1924, "genre": "Modernist Fiction", "quantity": 50, "availability": true, "language": "German", "price": "38.20", "picture": "media/images/the-magic-mountain.jpg"}}, {"model": "shop.book", "pk": 63, "fields": {"author": 50, "title": "Moby Dick", "pages": 378, "year": 1851, "genre": "Adventure Fiction", "quantity": 50, "availability": true, "language": "English", "price": "29.90", "picture": "media/images/moby-dick.jpg"}}, {"model": "shop.book", "pk": 64, "fields": {"author": 51, "title": "Essays", "pages": 404, "year": 1595, "genre": "Non-fiction", "quantity": 50, "availability": true, "language": "French", "price": "24.80", "picture": "media/images/essais.jpg"}}, {"model": "shop.book", "pk": 65, "fields": {"author": 52, "title": "History", "pages": 600, "year": 1974, "genre": "Historical Fiction", "quantity": 50, "availability": true, "language": "Italian", "price": "27.60", "picture": "media/images/history.jpg"}}, {"model": "shop.book", "pk": 66, "fields": {"author": 53, "title": "Beloved", "pages": 321, "year": 1987, "genre": "Magical Realism", "quantity": 50, "availability": true, "language": "English", "price": "31.90", "picture": "media/images/beloved.jpg"}}, {"model": "shop.book", "pk": 67, "fields": {"author": 54, "title": "The Tale of Genji", "pages": 1360, "year": 1006, "genre": "Classic Literature", "quantity": 50, "availability": true, "language": "Japanese", "price": "35.80", "picture": "media/images/the-tale-of-genji.jpg"}}, {"model": "shop.book", "pk": 68, "fields": {"author": 55, "title": "The Man Without Qualities", "pages": 365, "year": 1931, "genre": "Modernist Fiction", "quantity": 50, "availability": true, "language": "German", "price": "36.50", "picture": "media/images/the-man-without-qualities.jpg"}}, {"model": "shop.book", "pk": 69, "fields": {"author": 56, "title": "Lolita", "pages": 317, "year": 1955, "genre": "Controversial Fiction", "quantity": 50, "availability": true, "language": "English", "price": "34.20", "picture": "media/images/lolita.jpg"}}, {"model": "shop.book", "pk": 70, "fields": {"author": 57, "title": "Nineteen Eighty-Four", "pages": 272, "year": 1949, "genre": "Dystopian Fiction", "quantity": 50, "availability": true, "language": "English", "price": "32.40", "picture": "media/images/nineteen-eighty-four.jpg"}}, {"model": "shop.book", "pk": 71, "fields": {"author": 58, "title": "Metamorphoses", "pages": 576, "year": 100, "genre": "Epic Poetry", "quantity": 50, "availability": true, "language": "Classical Latin", "price": "26.90", "picture": "media/images/the-metamorphoses-of-ovid.jpg"}}, {"model": "shop.book", "pk": 72, "fields": {"author": 59, "title": "The Book of Disquiet", "pages": 272, "year": 1928, "genre": "Philosophical fiction", "quantity": 50, "availability": true, "language": "Portuguese", "price": "28.50", "picture": "media/images/the-book-of-disquiet.jpg"}}, {"model": "shop.book", "pk": 73, "fields": {"author": 60, "title": "Tales", "pages": 842, "year": 1950, "genre": "Gothic fiction", "quantity": 50, "availability": true, "language": "English", "price": "32.20", "picture": "media/images/tales-and-poems-of-edgar-allan-poe.jpg"}}, {"model": "shop.book", "pk": 74, "fields": {"author": 61, "title": "In Search of Lost Time", "pages": 2408, "year": 1920, "genre": "Modernist literature", "quantity": 50, "availability": true, "language": "French", "price": "45.80", "picture": "media/images/a-la-recherche-du-temps-perdu.jpg"}}, {"model": "shop.book", "pk": 75, "fields": {"author": 62, "title": "Gargantua and Pantagruel", "pages": 623, "year": 1533, "genre": "Satire", "quantity": 50, "availability": true, "language": "French", "price": "29.90", "picture": "media/images/gargantua-and-pantagruel.jpg"}}, {"model": "shop.book", "pk": 76, "fields": {"author": 63, "title": "Pedro Páramo", "pages": 124, "year": 1955, "genre": "Magical realism", "quantity": 50, "availability": true, "language": "Spanish", "price": "26.50", "picture": "media/images/pedro-paramo.jpg"}}, {"model": "shop.book", "pk": 77, "fields": {"author": 64, "title": "The Masnavi", "pages": 438, "year": 1236, "genre": "Spirituality", "quantity": 50, "availability": true, "language": "Persian", "price": "33.70", "picture": "media/images/the-masnavi.jpg"}}, {"model": "shop.book", "pk": 78, "fields": {"author": 65, "title": "Midnight's Children", "pages": 536, "year": 1981, "genre": "Magic realism", "quantity": 50, "availability": true, "language": "English", "price": "35.90", "picture": "media/images/midnights-children.jpg"}}, {"model": "shop.book", "pk": 79, "fields": {"author": 66, "title": "Bostan", "pages": 298, "year": 1257, "genre": "Poetry", "quantity": 50, "availability": true, "language": "Persian", "price": "30.20", "picture": "media/images/bostan.jpg"}}, {"model": "shop.book", "pk": 80, "fields": {"author": 67, "title": "Season of Migration to the North", "pages": 139, "year": 1966, "genre": "Post-colonial literature", "quantity": 50, "availability": true, "language": "Arabic", "price": "28.60", "picture": "media/images/season-of-migration-to-the-north.jpg"}}, {"model": "shop.book", "pk": 81, "fields": {"author": 68, "title": "Blindness", "pages": 352, "year": 1995, "genre": "Dystopian Fiction", "quantity": 50, "availability": true, "language": "Portuguese", "price": "21.90", "picture": "media/images/blindness.jpg"}}, {"model": "shop.book", "pk": 82, "fields": {"author": 69, "title": "Hamlet", "pages": 432, "year": 1603, "genre": "Tragedy", "quantity": 50, "availability": true, "language": "English", "price": "24.50", "picture": "media/images/hamlet.jpg"}}, {"model": "shop.book", "pk": 83, "fields": {"author": 69, "title": "King Lear", "pages": 384, "year": 1608, "genre": "Tragedy", "quantity": 50, "availability": true, "language": "English", "price": "23.70", "picture": "media/images/king-lear.jpg"}}, {"model": "shop.book", "pk": 84, "fields": {"author": 69, "title": "Othello", "pages": 314, "year": 1609, "genre": "Tragedy", "quantity": 50, "availability": true, "language": "English", "price": "22.80", "picture": "media/images/othello.jpg"}}, {"model": "shop.book", "pk": 85, "fields": {"author": 70, "title": "Oedipus the King", "pages": 88, "year": -430, "genre": "Tragedy", "quantity": 50, "availability": true, "language": "Greek", "price": "19.90", "picture": "media/images/oedipus-the-king.jpg"}}, {"model": "shop.book", "pk": 86, "fields": {"author": 71, "title": "The Red and the Black", "pages": 576, "year": 1830, "genre": "Historical Fiction", "quantity": 50, "availability": true, "language": "French", "price": "20.50", "picture": "media/images/le-rouge-et-le-noir.jpg"}}, {"model": "shop.book", "pk": 87, "fields": {"author": 72, "title": "The Life And Opinions of Tristram Shandy", "pages": 640, "year": 1760, "genre": "Satire", "quantity": 50, "availability": true, "language": "English", "price": "20.70", "picture": "media/images/the-life-and-opinions-of-tristram-shandy.jpg"}}, {"model": "shop.book", "pk": 88, "fields": {"author": 73, "title": "Confessions of Zeno", "pages": 412, "year": 1923, "genre": "Psychological Novel", "quantity": 50, "availability": true, "language": "Italian", "price": "21.80", "picture": "media/images/confessions-of-zeno.jpg"}}, {"model": "shop.book", "pk": 89, "fields": {"author": 74, "title": "Gulliver's Travels", "pages": 178, "year": 1726, "genre": "Satire", "quantity": 50, "availability": true, "language": "English", "price": "18.90", "picture": "media/images/gullivers-travels.jpg"}}, {"model": "shop.book", "pk": 90, "fields": {"author": 75, "title": "War and Peace", "pages": 1296, "year": 1867, "genre": "Historical Fiction", "quantity": 50, "availability": true, "language": "Russian", "price": "27.80", "picture": "media/images/war-and-peace.jpg"}}, {"model": "shop.book", "pk": 91, "fields": {"author": 75, "title": "Anna Karenina", "pages": 864, "year": 1877, "genre": "Realist Fiction", "quantity": 50, "availability": true, "language": "Russian", "price": "25.50", "picture": "media/images/anna-karenina.jpg"}}, {"model": "shop.book", "pk": 92, "fields": {"author": 75, "title": "The Death of Ivan Ilyich", "pages": 92, "year": 1886, "genre": "Fictional Biography", "quantity": 50, "availability": true, "language": "Russian", "price": "18.90", "picture": "media/images/the-death-of-ivan-ilyich.jpg"}}, {"model": "shop.book", "pk": 93, "fields": {"author": 76, "title": "The Adventures of Huckleberry Finn", "pages": 224, "year": 1884, "genre": "Adventure Fiction", "quantity": 50, "availability": true, "language": "English", "price": "22.80", "picture": "media/images/the-adventures-of-huckleberry-finn.jpg"}}, {"model": "shop.book", "pk": 94, "fields": {"author": 77, "title": "Ramayana", "pages": 152, "year": -450, "genre": "Epic Poetry", "quantity": 50, "availability": true, "language": "Sanskrit", "price": "17.90", "picture": "media/images/ramayana.jpg"}}, {"model": "shop.book", "pk": 95, "fields": {"author": 78, "title": "The Aeneid", "pages": 442, "year": -23, "genre": "Epic Poetry", "quantity": 50, "availability": true, "language": "Classical Latin", "price": "20.50", "picture": "media/images/the-aeneid.jpg"}}, {"model": "shop.book", "pk": 96, "fields": {"author": 79, "title": "Mahabharata", "pages": 276, "year": -700, "genre": "Epic Poetry", "quantity": 50, "availability": true, "language": "Sanskrit", "price": "23.70", "picture": "media/images/the-mahab-harata.jpg"}}, {"model": "shop.book", "pk": 97, "fields": {"author": 80, "title": "Leaves of Grass", "pages": 152, "year": 1855, "genre": "Poetry", "quantity": 50, "availability": true, "language": "English", "price": "21.80", "picture": "media/images/leaves-of-grass.jpg"}}, {"model": "shop.book", "pk": 98, "fields": {"author": 81, "title": "Mrs Dalloway", "pages": 216, "year": 1925, "genre": "Modernist Literature", "quantity": 50, "availability": true, "language": "English", "price": "26.90", "picture": "media/images/mrs-dalloway.jpg"}}, {"model": "shop.book", "pk": 99, "fields": {"author": 81, "title": "To the Lighthouse", "pages": 209, "year": 1927, "genre": "Modernist Literature", "quantity": 50, "availability": true, "language": "English", "price": "24.50", "picture": "media/images/to-the-lighthouse.jpg"}}, {"model": "shop.book", "pk": 100, "fields": {"author": 82, "title": "Memoirs of Hadrian", "pages": 408, "year": 1951, "genre": "Historical Fiction", "quantity": 50, "availability": true, "language": "French", "price": "27.50", "picture": "media/images/memoirs-of-hadrian.jpg"}}, {"model": "shop.payment", "pk": 9, "fields": {"order": 1, "user": 4, "book": 5, "quantity": 1, "amount": "16.80", "payment_type": "paypal", "status": "Pending"}}, {"model": "shop.payment", "pk": 10, "fields": {"order": 2, "user": 4, "book": 6, "quantity": 1, "amount": "21.20", "payment_type": "paypal", "status": "Pending"}}, {"model": "shop.payment", "pk": 11, "fields": {"order": 3, "user": 4, "book": 4, "quantity": 1, "amount": "18.75", "payment_type": "paypal", "status": "Pending"}}, {"model": "shop.payment", "pk": 13, "fields": {"order": 5, "user": 4, "book": 6, "quantity": 1, "amount": "21.20", "payment_type": "paypal", "status": "Pending"}}, {"model": "shop.payment", "pk": 16, "fields": {"order": 8, "user": 4, "book": 2, "quantity": 1, "amount": "25.75", "payment_type": "paypal", "status": "Pending"}}, {"model": "shop.payment", "pk": 30, "fields": {"order": 22, "user": 4, "book": 16, "quantity": 1, "amount": "23.40", "payment_type": "paypal", "status": "Pending"}}, {"model": "shop.payment", "pk": 38, "fields": {"order": 30, "user": 4, "book": 2, "quantity": 1, "amount": "25.75", "payment_type": "banktransfer", "status": "Pending"}}, {"model": "shop.payment", "pk": 40, "fields": {"order": 32, "user": 6, "book": 2, "quantity": 3, "amount": "77.25", "payment_type": "paypal", "status": "Pending"}}, {"model": "shop.payment", "pk": 41, "fields": {"order": 33, "user": 6, "book": 13, "quantity": 1, "amount": "21.90", "payment_type": "paypal", "status": "Pending"}}, {"model": "shop.payment", "pk": 42, "fields": {"order": 34, "user": 6, "book": 3, "quantity": 1, "amount": "27.30", "payment_type": "paypal", "status": "Pending"}}, {"model": "shop.payment", "pk": 43, "fields": {"order": 35, "user": 1, "book": 3, "quantity": 1, "amount": "27.30", "payment_type": "banktransfer", "status": "Pending"}}, {"model": "shop.payment", "pk": 44, "fields": {"order": 36, "user": 1, "book": 3, "quantity": 1, "amount": "27.30", "payment_type": "paypal", "status": "Pending"}}, {"model": "shop.payment", "pk": 45, "fields": {"order": 37, "user": 6, "book": 3, "quantity": 1, "amount": "27.30", "payment_type": "banktransfer", "status": "Pending"}}, {"model": "shop.order", "pk": 1, "fields": {"user": 4, "book": 5, "order_date": "2024-04-10T11:56:39.847Z", "payment_type": "paypal", "order_status": "Pending", "address": "sch 8, 100 berlin", "quantity": 1, "delivery_date": null, "amount": "16.80", "paypal_address": "nanana@email.de", "bank_name": null, "account_number": null, "iban": null}}, {"model": "shop.order", "pk": 2, "fields": {"user": 4, "book": 6, "order_date": "2024-04-10T11:56:59.078Z", "payment_type": "paypal", "order_status": "Pending", "address": "address1, 10010 town", "quantity": 1, "delivery_date": null, "amount": "21.20", "paypal_address": "nanana@email.de", "bank_name": null, "account_number": null, "iban": null}}, {"model": "shop.order", "pk": 3, "fields": {"user": 4, "book": 4, "order_date": "2024-04-10T12:02:31.337Z", "payment_type": "paypal", "order_status": "Pending", "address": "address1, 10010 town", "quantity": 1, "delivery_date": null, "amount": "18.75", "paypal_address": "nanana@email.de", "bank_name": null, "account_number": null, "iban": null}}, {"model": "shop.order", "pk": 5, "fields": {"user": 4, "book": 6, "order_date": "2024-04-10T13:16:00.827Z", "payment_type": "paypal", "order_status": "Pending", "address": "sch 8, 100 berlin", "quantity": 1, "delivery_date": null, "amount": "21.20", "paypal_address": "nanana@email.de", "bank_name": null, "account_number": null, "iban": null}}, {"model": "shop.order", "pk": 8, "fields": {"user": 4, "book": 2, "order_date": "2024-04-10T13:24:48.785Z", "payment_type": "paypal", "order_status": "Pending", "address": "address1, 10010 town", "quantity": 1, "delivery_date": null, "amount": "25.75", "paypal_address": "nanana@email.de", "bank_name": null, "account_number": null, "iban": null}}, {"model": "shop.order", "pk": 22, "fields": {"user": 4, "book": 16, "order_date": "2024-04-10T13:59:55.764Z", "payment_type": "paypal", "order_status": "Pending", "address": "address1, 10010 town", "quantity": 1, "delivery_date": null, "amount": "23.40", "paypal_address": "hello@email.de", "bank_name": null, "account_number": null, "iban": null}}, {"model": "shop.order", "pk": 30, "fields": {"user": 4, "book": 2, "order_date": "2024-04-11T07:22:19.151Z", "payment_type": "banktransfer", "order_status": "Pending", "address": "address1, 10010 town", "quantity": 1, "delivery_date": null, "amount": "25.75", "paypal_address": null, "bank_name": "bankname", "account_number": "12121212121212", "iban": "DE123456789"}}, {"model": "shop.order", "pk": 32, "fields": {"user": 6, "book": 2, "order_date": "2024-04-16T08:04:54.674Z", "payment_type": "paypal", "order_status": "Pending", "address": "dsgfdsfs", "quantity": 3, "delivery_date": null, "amount": "77.25", "paypal_address": "dgfgdfg@sadas.asdas", "bank_name": null, "account_number": null, "iban": null}}, {"model": "shop.order", "pk": 33, "fields": {"user": 6, "book": 13, "order_date": "2024-04-16T08:04:54.680Z", "payment_type": "paypal", "order_status": "Pending", "address": "dsgfdsfs", "quantity": 1, "delivery_date": null, "amount": "21.90", "paypal_address": "dgfgdfg@sadas.asdas", "bank_name": null, "account_number": null, "iban": null}}, {"model": "shop.order", "pk": 34, "fields": {"user": 6, "book": 3, "order_date": "2024-04-16T08:04:54.684Z", "payment_type": "paypal", "order_status": "Pending", "address": "dsgfdsfs", "quantity": 1, "delivery_date": null, "amount": "27.30", "paypal_address": "dgfgdfg@sadas.asdas", "bank_name": null, "account_number": null, "iban": null}}, {"model": "shop.order", "pk": 35, "fields": {"user": 1, "book": 3, "order_date": "2024-04-18T08:37:11.874Z", "payment_type": "banktransfer", "order_status": "Pending", "address": "sadasdsa", "quantity": 1, "delivery_date": null, "amount": "27.30", "paypal_address": null, "bank_name": "asdasd", "account_number": "sadasd", "iban": "sadasda"}}, {"model": "shop.order", "pk": 36, "fields": {"user": 1, "book": 3, "order_date": "2024-04-18T13:07:02.489Z", "payment_type": "paypal", "order_status": "Pending", "address": "kamakls", "quantity": 1, "delivery_date": null, "amount": "27.30", "paypal_address": "dgfgdfg@sadas.asdas", "bank_name": null, "account_number": null, "iban": null}}, {"model": "shop.order", "pk": 37, "fields": {"user": 6, "book": 3, "order_date": "2024-04-18T13:56:18.784Z", "payment_type": "banktransfer", "order_status": "Pending", "address": "498489489", "quantity": 1, "delivery_date": null, "amount": "27.30", "paypal_address": null, "bank_name": "asdasd", "account_number": "sadasd", "iban": "89489489489"}}, {"model": "accounts.customuser", "pk": 1, "fields": {"password": "pbkdf2_sha256$600000$76LZWl4kY51q9vHpd1vD8T$U+ck+qAnRhq+L6PwNFLr2u/l6y9vONBHjZl/LBdPAv4=", "last_login": "2024-04-19T07:08:37.488Z", "is_superuser": true, "username": "kamal", "first_name": "", "last_name": "", "is_staff": true, "is_active": true, "date_joined": "2024-04-08T05:23:58.402Z", "firstname": "", "lastname": "", "email": "kamal@kamal.com", "address": "oijasijsaoi", "phone_number": "12345678", "age": null, "groups": [], "user_permissions": [], "order_history": [], "shopping_cart": [], "wishlist": [14]}}, {"model": "accounts.customuser", "pk": 2, "fields": {"password": "pbkdf2_sha256$600000$iztwPA4khEDKmtBjIHlwKS$J/GU/kNPrKjcAZZurT8ov0Ux03e+kLuzZNUNU6YdNp8=", "last_login": "2024-04-08T06:33:49.198Z", "is_superuser": false, "username": "kamal1", "first_name": "", "last_name": "", "is_staff": false, "is_active": true, "date_joined": "2024-04-08T06:33:48.840Z", "firstname": "", "lastname": "", "email": "kamal@kamal.kamal", "address": "", "phone_number": "", "age": null, "groups": [], "user_permissions": [], "order_history": [], "shopping_cart": [], "wishlist": []}}, {"model": "accounts.customuser", "pk": 3, "fields": {"password": "pbkdf2_sha256$600000$lFEHF1otDEKl1kUoIqnAI2$F3cnMqNF2e7ZJGdCL8oboTU6LWWNQhFeRqhb5PlbBx8=", "last_login": null, "is_superuser": true, "username": "natalie", "first_name": "", "last_name": "", "is_staff": true, "is_active": true, "date_joined": "2024-04-08T07:56:08.090Z", "firstname": "", "lastname": "", "email": "nat@ma.cs", "address": "", "phone_number": "", "age": null, "groups": [], "user_permissions": [], "order_history": [], "shopping_cart": [], "wishlist": []}}, {"model": "accounts.customuser", "pk": 4, "fields": {"password": "pbkdf2_sha256$720000$XkFpSNoqmtZVKeBhtqP7a7$8Y6NF4MWProGVlWXvnn93LYRbkaa31RNrDMIC3V5PZ4=", "last_login": "2024-04-12T07:54:03.695Z", "is_superuser": true, "username": "nataliedutz", "first_name": "", "last_name": "", "is_staff": true, "is_active": true, "date_joined": "2024-04-09T09:45:14.279Z", "firstname": "", "lastname": "", "email": "natalie@email.com", "address": "", "phone_number": "", "age": null, "groups": [], "user_permissions": [], "order_history": [], "shopping_cart": [], "wishlist": []}}, {"model": "accounts.customuser", "pk": 5, "fields": {"password": "pbkdf2_sha256$600000$yJNXnNZkbTNz2jAfllaaMg$jaTZnjjI/hUrtC/G/KwGUydeulGkotmeT+Orj5QmD9I=", "last_login": "2024-04-12T10:05:19.666Z", "is_superuser": false, "username": "Rene", "first_name": "", "last_name": "", "is_staff": false, "is_active": true, "date_joined": "2024-04-12T10:05:19.306Z", "firstname": "", "lastname": "", "email": "rew01@web.de", "address": "", "phone_number": "", "age": null, "groups": [], "user_permissions": [], "order_history": [], "shopping_cart": [], "wishlist": []}}, {"model": "accounts.customuser", "pk": 6, "fields": {"password": "pbkdf2_sha256$600000$gn3kTRmbl46Qsgbl2S1LZ2$+FQDdBehQSbj8jnCEFkPK9t1w1EVO8rja+tRMAsClSU=", "last_login": "2024-04-18T13:52:10.982Z", "is_superuser": false, "username": "test", "first_name": "", "last_name": "test", "is_staff": false, "is_active": true, "date_joined": "2024-04-15T08:04:47.386Z", "firstname": "", "lastname": "", "email": "test@test.test", "address": "kamakls", "phone_number": "818919819", "age": null, "groups": [], "user_permissions": [], "order_history": [], "shopping_cart": [], "wishlist": [46]}}]